scheme,method,coherence,gap_deg,snr_db,split,bucket_labels,dataset_cache_status,dataset_path,rmse_deg,avg_runtime_sec,avg_preprocess_runtime_sec,avg_forward_runtime_sec,dataset_pass_runtime_sec,num_test_samples,realized_mean_gap_deg,realized_median_gap_deg,realized_min_gap_deg,realized_max_gap_deg,delta_vs_source_train_cell_rmse_deg,phase6_classical_best_method,phase6_classical_best_rmse_deg,delta_vs_phase6_classical_best_rmse_deg,phase6_direct_learned_rmse_deg,delta_vs_phase6_direct_learned_rmse_deg,phase7e_reference_rmse_deg,delta_vs_phase7e_reference_rmse_deg,phase7f_reference_rmse_deg,delta_vs_phase7f_reference_rmse_deg,phase7g_reference_rmse_deg,delta_vs_phase7g_reference_rmse_deg,phase7h_reference_rmse_deg,delta_vs_phase7h_reference_rmse_deg
phase7i_gb19_coh_g1_s1_randomgapft,esprit,coherent,1,1,in_domain_anchor,in_domain_anchor,loaded,D:\workspace1\SubspaceNet\data\datasets\phase6_groupb_1p9_coherent_gap1_snr1_45k,0.5042181441862165,0.016196209899828923,0.012147485366951313,0.004035362411251602,145.76588909846032,9000,1.0,1.0,0.9999999999999982,1.0000000000000027,0.14499395831010142,esprit,6.648465188914358,-6.144247044728141,0.41471860301387325,0.08949954117234321,0.356298654489588,0.1479194896966285,0.44811562178967757,0.0561025223965389,0.39112306425785714,0.11309507992835932,,
phase7i_gb19_coh_g1_s5_randomgapft,esprit,coherent,1,5,coherent_ood,coherent_ood,loaded,D:\workspace1\SubspaceNet\data\datasets\phase6_groupb_1p9_coherent_gap1_snr5_45k,0.37134001479651185,0.01584941513296993,0.011838421088966747,0.003997670999508248,142.64473619672935,9000,1.0,1.0,0.9999999999999982,1.0000000000000027,0.01211582892039681,esprit,5.436880022171268,-5.065540007374756,0.37310781096016987,-0.0017677961636580197,0.9619530726202372,-0.5906130578237254,0.3400691346214651,0.031270880175046756,0.30274022003601625,0.0685997947604956,,
phase7i_gb19_coh_g1_s10_randomgapft,esprit,coherent,1,10,coherent_ood,coherent_ood,loaded,D:\workspace1\SubspaceNet\data\datasets\phase6_groupb_1p9_coherent_gap1_snr10_45k,0.3880231216077909,0.016053039466334868,0.011991228166793008,0.004048326811080591,144.47735519701382,9000,1.0,1.0,0.9999999999999982,1.0000000000000027,0.028798935731675857,esprit,5.4640490124512535,-5.076025890843463,0.38294376726295204,0.00507935434483886,1.5490974049959438,-1.1610742833881529,0.34535083930858546,0.042672282299205444,0.30890988879119247,0.07911323281659843,,
phase7i_gb19_coh_g1_s15_randomgapft,esprit,coherent,1,15,coherent_ood,coherent_ood,loaded,D:\workspace1\SubspaceNet\data\datasets\phase6_groupb_1p9_coherent_gap1_snr15_45k,0.39583430932712477,0.016018538989378914,0.011963135222690956,0.004041920944408048,144.16685090441024,9000,1.0,1.0,0.9999999999999982,1.0000000000000027,0.036610123451009724,root-music,5.433483692800381,-5.037649383473257,0.35861508442075885,0.03721922490636592,1.6128078617873276,-1.2169735524602028,0.351800516153806,0.04403379317331879,0.3135074658926093,0.08232684343451546,,
phase7i_gb19_coh_g2_s1_randomgapft,esprit,coherent,2,1,coherent_ood,coherent_ood|coherent_2deg_boundary,loaded,D:\workspace1\SubspaceNet\data\datasets\phase6_groupb_1p9_coherent_gap2_snr1_45k,1.415758798557056,0.016197753489179175,0.012135029522624487,0.0040493261107799805,145.77978140261257,9000,2.0,2.0,1.9999999999999964,2.0000000000000027,1.0565346126809412,esprit,4.587355164896731,-3.1715963663396742,0.9976089311513912,0.41814986740566495,1.9705031589299247,-0.5547443603728686,1.3767883730184571,0.038970425538598974,1.2917605357363582,0.12399826282069792,,
phase7i_gb19_coh_g2_s5_randomgapft,esprit,coherent,2,5,coherent_ood,coherent_ood|coherent_2deg_boundary,loaded,D:\workspace1\SubspaceNet\data\datasets\phase6_groupb_1p9_coherent_gap2_snr5_45k,1.2475040557743946,0.016159453477244824,0.012096917577488864,0.0040492615329308645,145.43508129520342,9000,2.0,2.0,1.9999999999999964,2.0000000000000027,0.8882798698982796,esprit,3.6867241570705422,-2.4392201012961476,0.7717173848176546,0.47578667095674,2.1838188727393733,-0.9363148169649786,1.2617496466555664,-0.014245590881171832,1.1270741041278884,0.12042995164650616,,
phase7i_gb19_coh_g2_s10_randomgapft,esprit,coherent,2,10,coherent_ood,coherent_ood|coherent_2deg_boundary,loaded,D:\workspace1\SubspaceNet\data\datasets\phase6_groupb_1p9_coherent_gap2_snr10_45k,1.1628256421424934,0.016159949878088404,0.01209004267809602,0.0040563812442188565,145.43954890279565,9000,2.0,2.0,1.9999999999999964,2.0000000000000027,0.8036014562663784,esprit,3.7124911044837967,-2.549665462341303,0.6574691602402387,0.5053564819022547,2.590510999266853,-1.4276853571243595,1.2397483315705602,-0.07692268942806679,1.0751377172655532,0.08768792487694022,,
phase7i_gb19_coh_g2_s15_randomgapft,esprit,coherent,2,15,coherent_ood,coherent_ood|coherent_2deg_boundary,loaded,D:\workspace1\SubspaceNet\data\datasets\phase6_groupb_1p9_coherent_gap2_snr15_45k,1.1351671064083786,0.016155062266651334,0.012087353066793488,0.004054187655526524,145.395560399862,9000,2.0,2.0,1.9999999999999964,2.0000000000000027,0.7759429205322635,esprit,3.8602547586799982,-2.7250876522716196,0.6687410599494205,0.46642604645895813,2.596568061615371,-1.4614009552069924,1.20221287457213,-0.06704576816375152,1.0422559976555053,0.09291110875287334,,
phase7i_gb19_coh_g3_s1_randomgapft,esprit,coherent,3,1,coherent_ood,coherent_ood,loaded,D:\workspace1\SubspaceNet\data\datasets\phase6_groupb_1p9_coherent_gap3_snr1_45k,0.6454482411821318,0.016290992966555576,0.012196940444125276,0.004080514233281267,146.6189366990002,9000,3.0,3.0,2.9999999999999964,3.0000000000000027,0.2862240553060168,esprit,1.4188364476350155,-0.7733882064528836,0.5362930518372808,0.10915518934485102,1.5994662165931077,-0.9540179754109759,0.5596196118952396,0.08582862928689228,0.5350786503199001,0.11036959086223175,,
phase7i_gb19_coh_g3_s5_randomgapft,esprit,coherent,3,5,coherent_ood,coherent_ood,loaded,D:\workspace1\SubspaceNet\data\datasets\phase6_groupb_1p9_coherent_gap3_snr5_45k,0.5457300501290665,0.016038460966413065,0.011975725088772985,0.004049366799687656,144.34614869771758,9000,3.0,3.0,2.9999999999999964,3.0000000000000027,0.18650586425295146,esprit,1.1841583399567575,-0.638428289827691,0.33353098173973145,0.21219906838933505,1.8369019871278958,-1.2911719369988293,0.49191556419175253,0.05381448593731397,0.44536087174798383,0.10036917838108267,,
phase7i_gb19_coh_g3_s10_randomgapft,esprit,coherent,3,10,coherent_ood,coherent_ood,loaded,D:\workspace1\SubspaceNet\data\datasets\phase6_groupb_1p9_coherent_gap3_snr10_45k,0.5304832436199848,0.015951612333579557,0.011871250144736323,0.004066933699889988,143.56451100221602,9000,3.0,3.0,2.9999999999999964,3.0000000000000027,0.17125905774386974,esprit,1.1451603176934058,-0.614677074073421,0.28035873185671145,0.2501245117632733,2.127462125722408,-1.5969788821024231,0.49865113714334247,0.03183210647664231,0.4308749433722456,0.0996083002477392,,
phase7i_gb19_coh_g3_s15_randomgapft,esprit,coherent,3,15,coherent_ood,coherent_ood,loaded,D:\workspace1\SubspaceNet\data\datasets\phase6_groupb_1p9_coherent_gap3_snr15_45k,0.5316790160242024,0.015792990133366807,0.011743828399908833,0.0040358207335359315,142.13691120030126,9000,3.0,3.0,2.9999999999999964,3.0000000000000027,0.17245483014808738,esprit,1.1094644965202403,-0.5777854804960378,0.2681363680118258,0.26354264801237665,2.1709381092287745,-1.639259093204572,0.49346774612858474,0.03821126989561768,0.43006424709615104,0.10161476892805138,,
phase7i_gb19_coh_g4_s1_randomgapft,esprit,coherent,4,1,coherent_ood,coherent_ood,loaded,D:\workspace1\SubspaceNet\data\datasets\phase6_groupb_1p9_coherent_gap4_snr1_45k,0.3656696743010302,0.016109431155291128,0.012029795844612333,0.004066238210530072,144.98488039762015,9000,4.0,4.0,3.9999999999999982,4.0000000000000036,0.006445488424915158,root-music,0.1640090130921021,0.2016606612089281,0.24628822941979586,0.11938144488123434,1.984340546148953,-1.6186708718479228,0.34808125879275265,0.017588415508277555,0.3756188387903702,-0.009949164489340023,,
phase7i_gb19_coh_g4_s5_randomgapft,esprit,coherent,4,5,coherent_ood,coherent_ood,loaded,D:\workspace1\SubspaceNet\data\datasets\phase6_groupb_1p9_coherent_gap4_snr5_45k,0.26145992991097833,0.016031963477357445,0.011944860555658427,0.0040737011106167405,144.287671296217,9000,4.0,4.0,3.9999999999999982,4.0000000000000036,-0.09776425596513671,esprit,0.1050169081193852,0.15644302179159314,0.1477631788273063,0.11369675108367203,2.0962528861321075,-1.8347929562211291,0.23900648226612117,0.022453447644857155,0.240588343724972,0.02087158618600632,,
phase7i_gb19_coh_g4_s10_randomgapft,esprit,coherent,4,10,coherent_ood,coherent_ood,loaded,D:\workspace1\SubspaceNet\data\datasets\phase6_groupb_1p9_coherent_gap4_snr10_45k,0.24985124363022013,0.01584575902211428,0.011790396677601771,0.004041915955306548,142.61183119902853,9000,4.0,4.0,3.9999999999999982,4.0000000000000036,-0.10937294224589492,esprit,0.10004248598760732,0.1498087576426128,0.12242651183187934,0.1274247317983408,2.2375562902404926,-1.9877050466102726,0.24288975753134218,0.00696148609887795,0.2312126745718609,0.018638569058359228,,
phase7i_gb19_coh_g4_s15_randomgapft,esprit,coherent,4,15,coherent_ood,coherent_ood,loaded,D:\workspace1\SubspaceNet\data\datasets\phase6_groupb_1p9_coherent_gap4_snr15_45k,0.2514420970421132,0.015634364121981586,0.011592818166407394,0.004028188644145202,140.70927709783427,9000,4.0,4.0,3.9999999999999982,4.0000000000000036,-0.10778208883400187,esprit,0.10013248646826864,0.15130961057384454,0.11856878731163657,0.13287330973047662,2.2503884668353944,-1.9989463697932812,0.24229917070670126,0.009142926335411916,0.22908317757165053,0.022358919470462646,,
phase7i_gb19_coh_g5_s1_randomgapft,esprit,coherent,5,1,coherent_ood,coherent_ood,loaded,D:\workspace1\SubspaceNet\data\datasets\phase6_groupb_1p9_coherent_gap5_snr1_45k,0.8347364840383836,0.016280740611287505,0.012195709377669523,0.004071716244552388,146.52666550158756,9000,5.0,5.0,4.999999999999998,5.000000000000003,0.4755122981622686,dbf,1.1127682004196027,-0.27803171638121904,0.32978179224891707,0.5049546917894665,2.574817363919366,-1.7400808798809826,0.8887859953800971,-0.05404951134171343,0.9644408288475057,-0.12970434480912207,,
phase7i_gb19_coh_g5_s5_randomgapft,esprit,coherent,5,5,coherent_ood,coherent_ood,loaded,D:\workspace1\SubspaceNet\data\datasets\phase6_groupb_1p9_coherent_gap5_snr5_45k,0.6018577639491323,0.016071888044618794,0.012005655889024233,0.00405277482242996,144.64699240156915,9000,5.0,5.0,4.999999999999998,5.000000000000003,0.24263357807301722,dbf,1.0663982618205565,-0.46454049787142426,0.24358995204821754,0.3582678119009147,2.6183280072739956,-2.0164702433248634,0.6073448884823192,-0.005487124533186893,0.6883775515897643,-0.08651978764063206,,
phase7i_gb19_coh_g5_s10_randomgapft,esprit,coherent,5,10,coherent_ood,coherent_ood,loaded,D:\workspace1\SubspaceNet\data\datasets\phase6_groupb_1p9_coherent_gap5_snr10_45k,0.5536198080730362,0.015800393155122744,0.011722200610946554,0.004064622266735467,142.2035383961047,9000,5.0,5.0,4.999999999999998,5.000000000000003,0.1943956221969212,dbf,0.9189682133425613,-0.36534840526952506,0.21289680376324754,0.3407230043097887,2.7179036731785806,-2.1642838651055443,0.5320965422381106,0.021523265834925587,0.6210270591698233,-0.06740725109678702,,
phase7i_gb19_coh_g5_s15_randomgapft,esprit,coherent,5,15,coherent_ood,coherent_ood,loaded,D:\workspace1\SubspaceNet\data\datasets\phase6_groupb_1p9_coherent_gap5_snr15_45k,0.5235031346069723,0.015605249366962299,0.01154620394440523,0.004045625678444695,140.4472443026607,9000,5.0,5.0,4.999999999999998,5.000000000000003,0.16427894873085724,dbf,0.7109649057200085,-0.1874617711130362,0.20271735610221525,0.32078577850475704,2.7244830892810086,-2.200979954674036,0.4903506966069668,0.0331524380000055,0.5870032866735052,-0.06350015206653292,,
phase7i_gb19_coh_randomgap_s1,esprit,coherent,,1,coherent_random_gap,coherent_random_gap,loaded,D:\workspace1\SubspaceNet\data\datasets\p7h_c_rg_s1,4.261279466850199,0.016248355022334078,0.012179905033566885,0.0040548211780195645,146.23519520100672,9000,10.599954444444444,9.34,0.9999999999999982,29.739999999999995,3.9020552809740843,,,,,,,,,,,,5.737733314022605,-1.4764538471724054
phase7i_gb19_coh_randomgap_s5,esprit,coherent,,5,coherent_random_gap,coherent_random_gap,loaded,D:\workspace1\SubspaceNet\data\datasets\p7h_c_rg_s5,4.124433194963301,0.016105282855834555,0.012027402677916042,0.00406446134473016,144.94754570251098,9000,10.708827777777776,9.59,0.9999999999999991,29.69,3.765209009087186,,,,,,,,,,,,5.677506767535637,-1.5530735725723357
phase7i_gb19_coh_randomgap_s10,esprit,coherent,,10,coherent_random_gap,coherent_random_gap,loaded,D:\workspace1\SubspaceNet\data\datasets\p7h_c_rg_s10,4.060631893989576,0.016088604055500277,0.011986874977547106,0.00408821964425604,144.7974364995025,9000,10.566738888888889,9.31,0.9999999999999991,29.79,3.7014077081134604,,,,,,,,,,,,5.551284507370239,-1.4906526133806635
phase7i_gb19_coh_randomgap_s15,esprit,coherent,,15,coherent_random_gap,coherent_random_gap,loaded,D:\workspace1\SubspaceNet\data\datasets\p7h_c_rg_s15,4.119601524106086,0.015896683966669822,0.011852649055673585,0.004030630644100408,143.0701557000284,9000,10.765331111111111,9.649999999999999,0.9999999999999991,29.83,3.760377338229971,,,,,,,,,,,,5.6132329968799555,-1.4936314727738695
phase7i_gb19_noncoh_g1_s1_randomgapft,esprit,non-coherent,1,1,noncoherent_transfer,noncoherent_transfer,loaded,D:\workspace1\SubspaceNet\data\datasets\phase6_groupb_1p9_noncoherent_gap1_snr1_45k,0.4010151216972001,0.0163454910436671,0.012249946521381692,0.0040819507659503465,147.10941939300392,9000,1.0,1.0,0.9999999999999982,1.0000000000000027,0.04179093582108506,esprit,5.0823079557802595,-4.6812928340830595,0.4001531689954606,0.000861952701739499,0.33370410773596804,0.06731101396123207,0.36932044892196053,0.031694672775239574,0.31655849902206246,0.08445662267513765,,
phase7i_gb19_noncoh_g1_s5_randomgapft,esprit,non-coherent,1,5,noncoherent_transfer,noncoherent_transfer,loaded,D:\workspace1\SubspaceNet\data\datasets\phase6_groupb_1p9_noncoherent_gap1_snr5_45k,0.2868246034359288,0.016154287988746848,0.012095608566706587,0.004045293955740312,145.38859189872164,9000,1.0,1.0,0.9999999999999982,1.0000000000000027,-0.07239958244018624,esprit,0.9243079218827935,-0.6374833184468647,0.3786965637197805,-0.0918719602838517,0.8441885421048675,-0.5573639386689386,0.24475610318562707,0.04206850025030173,0.22025381027393895,0.06657079316198986,,
phase7i_gb19_noncoh_g1_s10_randomgapft,esprit,non-coherent,1,10,noncoherent_transfer,noncoherent_transfer,loaded,D:\workspace1\SubspaceNet\data\datasets\phase6_groupb_1p9_noncoherent_gap1_snr10_45k,0.27700716066454695,0.015928791077607054,0.011903154610940773,0.004012248366120427,143.35911969846347,9000,1.0,1.0,0.9999999999999982,1.0000000000000027,-0.0822170252115681,esprit,0.41647171343802386,-0.1394645527734769,0.37439584573344664,-0.0973886850688997,1.520711857753838,-1.243704697089291,0.24400918570557498,0.03299797495897197,0.22624408644524985,0.0507630742192971,,
phase7i_gb19_noncoh_g1_s15_randomgapft,esprit,non-coherent,1,15,noncoherent_transfer,noncoherent_transfer,loaded,D:\workspace1\SubspaceNet\data\datasets\phase6_groupb_1p9_noncoherent_gap1_snr15_45k,0.28546824700611506,0.016003262122122882,0.01195531354451345,0.004034644322120585,144.02935909910593,9000,1.0,1.0,0.9999999999999982,1.0000000000000027,-0.07375593886999998,esprit,0.42303101030845597,-0.1375627633023409,0.3793933533319524,-0.09392510632583734,1.6105116082807083,-1.3250433612745933,0.2528651056536054,0.032603141352509635,0.2356093735524554,0.04985887345365966,,
phase7i_gb19_noncoh_g2_s1_randomgapft,esprit,non-coherent,2,1,noncoherent_transfer,noncoherent_transfer,loaded,D:\workspace1\SubspaceNet\data\datasets\phase6_groupb_1p9_noncoherent_gap2_snr1_45k,0.2769234049085239,0.01633066662182359,0.012256827977511825,0.0040604458107522485,146.9759995964123,9000,2.0,2.0,1.9999999999999964,2.0000000000000027,-0.08230078096759114,esprit,0.6209234505012935,-0.3440000455927696,0.5670833978743254,-0.29015999296580147,0.8267625084093049,-0.549839103500781,0.2795027405814377,-0.002579335672913796,0.25998484422564666,0.016938560682877246,,
phase7i_gb19_noncoh_g2_s5_randomgapft,esprit,non-coherent,2,5,noncoherent_transfer,noncoherent_transfer,loaded,D:\workspace1\SubspaceNet\data\datasets\phase6_groupb_1p9_noncoherent_gap2_snr5_45k,0.2179375716958316,0.016106599299916223,0.012028483310772572,0.0040646052776137365,144.959393699246,9000,2.0,2.0,1.9999999999999964,2.0000000000000027,-0.14128661418028343,esprit,0.12969077033469564,0.08824680136113597,0.5451973350391756,-0.32725976334334395,0.8964828952705679,-0.6785453235747363,0.2553635421697904,-0.03742597047395879,0.23121684607360884,-0.013279274377777234,,
phase7i_gb19_noncoh_g2_s10_randomgapft,esprit,non-coherent,2,10,noncoherent_transfer,noncoherent_transfer,loaded,D:\workspace1\SubspaceNet\data\datasets\phase6_groupb_1p9_noncoherent_gap2_snr10_45k,0.22982623881385594,0.01601046145594187,0.011927737155457079,0.004069307755523672,144.09415310347686,9000,2.0,2.0,1.9999999999999964,2.0000000000000027,-0.1293979470622591,esprit,0.11119520532242623,0.11863103349142971,0.5253905090693368,-0.2955642702554809,1.2921676310102181,-1.0623413921963623,0.28533916650424407,-0.055512927690388125,0.2531601392066393,-0.02333390039278338,,
phase7i_gb19_noncoh_g2_s15_randomgapft,esprit,non-coherent,2,15,noncoherent_transfer,noncoherent_transfer,loaded,D:\workspace1\SubspaceNet\data\datasets\phase6_groupb_1p9_noncoherent_gap2_snr15_45k,0.22837879544203638,0.015920939155608518,0.011881484999748258,0.004026060722444931,143.28845240047667,9000,2.0,2.0,1.9999999999999964,2.0000000000000027,-0.13084539043407867,esprit,0.11042025021427106,0.11795854522776532,0.5105118578623244,-0.28213306242028807,1.3417371985396325,-1.113358403097596,0.28543103454481644,-0.05705223910278007,0.2532469430435175,-0.02486814760148115,,
phase7i_gb19_noncoh_g3_s1_randomgapft,esprit,non-coherent,3,1,noncoherent_transfer,noncoherent_transfer,loaded,D:\workspace1\SubspaceNet\data\datasets\phase6_groupb_1p9_noncoherent_gap3_snr1_45k,0.3615605327499216,0.016309411678094573,0.01223204950002643,0.004063881577781608,146.78470510285115,9000,3.0,3.0,2.9999999999999964,3.0000000000000027,0.002336346873806572,root-music,0.1627268777316611,0.1988336550182605,0.4776410689391819,-0.11608053618926029,1.4284002404098708,-1.0668397076599492,0.3422171371844734,0.01934339556544823,0.35622911770415105,0.00533141504577056,,
phase7i_gb19_noncoh_g3_s5_randomgapft,esprit,non-coherent,3,5,noncoherent_transfer,noncoherent_transfer,loaded,D:\workspace1\SubspaceNet\data\datasets\phase6_groupb_1p9_noncoherent_gap3_snr5_45k,0.30689842015224306,0.01620553128888908,0.012129745933460072,0.0040623615222996,145.84978160000173,9000,3.0,3.0,2.9999999999999964,3.0000000000000027,-0.052325765723871986,esprit,0.10599528502164046,0.2009031351306026,0.26068924289905715,0.04620917725318591,1.3929698488800917,-1.0860714287278486,0.31399884766976,-0.0071004275175169385,0.3149198585659092,-0.008021438413666149,,
phase7i_gb19_noncoh_g3_s10_randomgapft,esprit,non-coherent,3,10,noncoherent_transfer,noncoherent_transfer,loaded,D:\workspace1\SubspaceNet\data\datasets\phase6_groupb_1p9_noncoherent_gap3_snr10_45k,0.30476069733063854,0.01610858533352277,0.012066745622193493,0.004028447622142267,144.97726800170494,9000,3.0,3.0,2.9999999999999964,3.0000000000000027,-0.0544634885454765,esprit,0.09881844933963968,0.20594224799099886,0.21024764730944684,0.0945130500211917,1.5682003139695968,-1.2634396166389583,0.32565863015763497,-0.020897932826996424,0.3213813116115418,-0.01662061428090328,,
phase7i_gb19_noncoh_g3_s15_randomgapft,esprit,non-coherent,3,15,noncoherent_transfer,noncoherent_transfer,loaded,D:\workspace1\SubspaceNet\data\datasets\phase6_groupb_1p9_noncoherent_gap3_snr15_45k,0.3038961508780736,0.016196695010876283,0.01212420342221675,0.004059083788785048,145.77025509788655,9000,3.0,3.0,2.9999999999999964,3.0000000000000027,-0.05532803499804145,esprit,0.09848959707296856,0.20540655380510503,0.20262000575614894,0.10127614512192465,1.6008936569775143,-1.2969975060994408,0.33019158096521595,-0.026295430087142357,0.32468745601513943,-0.02079130513706584,,
phase7i_gb19_noncoh_g4_s1_randomgapft,esprit,non-coherent,4,1,noncoherent_transfer,noncoherent_transfer,loaded,D:\workspace1\SubspaceNet\data\datasets\phase6_groupb_1p9_noncoherent_gap4_snr1_45k,0.4653977660037176,0.016348362255110663,0.01223482173313904,0.0040998658888662855,147.13526029599598,9000,4.0,4.0,3.9999999999999982,4.0000000000000036,0.10617358012760253,root-music,0.13733610875910512,0.32806165724461245,0.3997259561021521,0.06567180990156546,2.039785362438004,-1.5743875964342862,0.46075884948463336,0.004638916519084213,0.5053908360483407,-0.0399930700446231,,
phase7i_gb19_noncoh_g4_s5_randomgapft,esprit,non-coherent,4,5,noncoherent_transfer,noncoherent_transfer,loaded,D:\workspace1\SubspaceNet\data\datasets\phase6_groupb_1p9_noncoherent_gap4_snr5_45k,0.37100559675556616,0.016228806589148007,0.012150017100011205,0.004065228477611931,146.05925930233207,9000,4.0,4.0,3.9999999999999982,4.0000000000000036,0.011781410879451115,esprit,0.09778264008132201,0.2732229566742441,0.1999880261197514,0.17101757063581477,2.0207444891182322,-1.6497388923626661,0.35073703738282563,0.020268559372740524,0.37412408598768804,-0.0031184892321218793,,
phase7i_gb19_noncoh_g4_s10_randomgapft,esprit,non-coherent,4,10,noncoherent_transfer,noncoherent_transfer,loaded,D:\workspace1\SubspaceNet\data\datasets\phase6_groupb_1p9_noncoherent_gap4_snr10_45k,0.36085501835254846,0.01621227328882863,0.012113392977800687,0.004085359155472057,145.91045959945768,9000,4.0,4.0,3.9999999999999982,4.0000000000000036,0.0016308324764334192,esprit,0.09310747000114644,0.267747548351402,0.15885593883205515,0.2019990795204933,2.151406558586578,-1.7905515402340295,0.34338095869504065,0.017474059657507812,0.3583912087571253,0.0024638095954231387,,
phase7i_gb19_noncoh_g4_s15_randomgapft,esprit,non-coherent,4,15,noncoherent_transfer,noncoherent_transfer,loaded,D:\workspace1\SubspaceNet\data\datasets\phase6_groupb_1p9_noncoherent_gap4_snr15_45k,0.3550702215375377,0.016146720188728068,0.012073841911262005,0.004059243989196451,145.3204816985526,9000,4.0,4.0,3.9999999999999982,4.0000000000000036,-0.004153964338577343,esprit,0.09247889324214649,0.2625913282953912,0.15299926362661095,0.20207095791092675,2.171274971717214,-1.8162047501796765,0.34019644975927504,0.014873771778262657,0.3515149705937115,0.0035552509438261937,,
phase7i_gb19_noncoh_g5_s1_randomgapft,esprit,non-coherent,5,1,noncoherent_transfer,noncoherent_transfer,loaded,D:\workspace1\SubspaceNet\data\datasets\phase6_groupb_1p9_noncoherent_gap5_snr1_45k,0.7377936974916428,0.016292594044857348,0.012214232166692252,0.004064938366891713,146.63334640371613,9000,5.0,5.0,4.999999999999998,5.000000000000003,0.37856951161552777,root-music,0.14560294050526146,0.5921907569863814,0.3057513879840056,0.4320423095076372,2.5370714576136733,-1.7992777601220304,0.8444972709344187,-0.10670357344277592,0.9100964647171131,-0.17230276722547033,,
phase7i_gb19_noncoh_g5_s5_randomgapft,esprit,non-coherent,5,5,noncoherent_transfer,noncoherent_transfer,loaded,D:\workspace1\SubspaceNet\data\datasets\phase6_groupb_1p9_noncoherent_gap5_snr5_45k,0.5259512751857934,0.01627007096646897,0.012198390055247324,0.004058094088984136,146.43063869822072,9000,5.0,5.0,4.999999999999998,5.000000000000003,0.1667270893096784,dbf,0.10601008478778969,0.41994119039800376,0.20471388541903726,0.3212373897667562,2.610276319589527,-2.084325044403734,0.5788662992740992,-0.05291502408830573,0.6401393973754291,-0.1141881221896357,,
phase7i_gb19_noncoh_g5_s10_randomgapft,esprit,non-coherent,5,10,noncoherent_transfer,noncoherent_transfer,loaded,D:\workspace1\SubspaceNet\data\datasets\phase6_groupb_1p9_noncoherent_gap5_snr10_45k,0.482560612941284,0.016059576544483815,0.012007492333269006,0.004038823500152729,144.53618890035432,9000,5.0,5.0,4.999999999999998,5.000000000000003,0.12333642706516895,dbf,0.10326457832015717,0.3792960346211268,0.14948280233074496,0.33307781061053904,2.7037103252222403,-2.2211497122809565,0.5025312780775688,-0.019970665136284815,0.5658497145973402,-0.08328910165605624,,
phase7i_gb19_noncoh_g5_s15_randomgapft,esprit,non-coherent,5,15,noncoherent_transfer,noncoherent_transfer,loaded,D:\workspace1\SubspaceNet\data\datasets\phase6_groupb_1p9_noncoherent_gap5_snr15_45k,0.49131599269338666,0.01610743365565496,0.012002628577413917,0.004091281511077088,144.96690290089464,9000,5.0,5.0,4.999999999999998,5.000000000000003,0.13209180681727162,dbf,0.10285154736058458,0.3884644453328021,0.1449265343166689,0.34638945837671775,2.7277782100406207,-2.236462217347234,0.5037313073350261,-0.012415314641639474,0.5682051713308164,-0.07688917863742972,,
phase7i_gb19_noncoh_randomgap_s1,esprit,non-coherent,,1,noncoherent_random_gap,noncoherent_random_gap,loaded,D:\workspace1\SubspaceNet\data\datasets\p7h_n_rg_s1,3.661680281522147,0.016272348622209394,0.012187324400046945,0.0040717028106123,146.45113759988453,9000,10.62169777777778,9.355,1.0,29.89,3.302456095646032,,,,,,,,,,,,5.280002737155902,-1.6183224556337552
phase7i_gb19_noncoh_randomgap_s5,esprit,non-coherent,,5,noncoherent_random_gap,noncoherent_random_gap,loaded,D:\workspace1\SubspaceNet\data\datasets\p7h_n_rg_s5,3.5491485093014044,0.01627180930000678,0.012165810944661239,0.004092493966920302,146.44628370006103,9000,10.75830888888889,9.600000000000001,1.0,29.64,3.189924323425289,,,,,,,,,,,,5.15169363824543,-1.6025451289440253
phase7i_gb19_noncoh_randomgap_s10,esprit,non-coherent,,10,noncoherent_random_gap,noncoherent_random_gap,loaded,D:\workspace1\SubspaceNet\data\datasets\p7h_n_rg_s10,3.4018466087172494,0.01619901838864381,0.012096289444688914,0.004089408011447328,145.79116549779428,9000,10.637004444444445,9.5,1.0,29.509999999999998,3.0426224228411343,,,,,,,,,,,,4.956123027786264,-1.5542764190690144
phase7i_gb19_noncoh_randomgap_s15,esprit,non-coherent,,15,noncoherent_random_gap,noncoherent_random_gap,loaded,D:\workspace1\SubspaceNet\data\datasets\p7h_n_rg_s15,3.453026941663709,0.01614380965542255,0.012066330711577191,0.004063917744445563,145.29428689880297,9000,10.66341,9.47,0.9999999999999991,29.69,3.093802755787594,,,,,,,,,,,,4.974614981887683,-1.5215880402239739
