scheme,method,coherence,gap_deg,snr_db,split,bucket_labels,dataset_cache_status,dataset_path,rmse_deg,avg_runtime_sec,avg_preprocess_runtime_sec,avg_forward_runtime_sec,dataset_pass_runtime_sec,num_test_samples,delta_vs_source_train_cell_rmse_deg,phase6_classical_best_method,phase6_classical_best_rmse_deg,delta_vs_phase6_classical_best_rmse_deg,phase6_direct_learned_rmse_deg,delta_vs_phase6_direct_learned_rmse_deg,phase7e_reference_rmse_deg,delta_vs_phase7e_reference_rmse_deg
phase7f_gb19_coh_g1_s1_mixedft,esprit,coherent,1,1,in_domain_anchor,in_domain_anchor,loaded,D:\workspace1\SubspaceNet\data\datasets\phase6_groupb_1p9_coherent_gap1_snr1_45k,0.44811562178967757,0.016274427033404613,0.01224834527777663,0.004012626089000454,146.46984330064151,9000,0.08889143591356252,esprit,6.648465188914358,-6.200349567124681,0.41471860301387325,0.03339701877580431,0.356298654489588,0.09181696730008959
phase7f_gb19_coh_g1_s5_mixedft,esprit,coherent,1,5,coherent_ood,coherent_ood|snr_shift_only,loaded,D:\workspace1\SubspaceNet\data\datasets\phase6_groupb_1p9_coherent_gap1_snr5_45k,0.3400691346214651,0.01596389101077673,0.011939120776970716,0.0040113475445606225,143.67501909699058,9000,-0.019155051254649946,esprit,5.436880022171268,-5.096810887549803,0.37310781096016987,-0.033038676338704775,0.9619530726202372,-0.6218839379987722
phase7f_gb19_coh_g1_s10_mixedft,esprit,coherent,1,10,coherent_ood,coherent_ood|snr_shift_only,loaded,D:\workspace1\SubspaceNet\data\datasets\phase6_groupb_1p9_coherent_gap1_snr10_45k,0.34535083930858546,0.016256603166564472,0.012188594855756189,0.004054430666838824,146.30942849908024,9000,-0.013873346567529588,esprit,5.4640490124512535,-5.118698173142668,0.38294376726295204,-0.037592927954366584,1.5490974049959438,-1.2037465656873585
phase7f_gb19_coh_g1_s15_mixedft,esprit,coherent,1,15,coherent_ood,coherent_ood|snr_shift_only,loaded,D:\workspace1\SubspaceNet\data\datasets\phase6_groupb_1p9_coherent_gap1_snr15_45k,0.351800516153806,0.016082133722426888,0.01205537366669806,0.004013260722179742,144.73920350184198,9000,-0.0074236697223090675,root-music,5.433483692800381,-5.0816831766465755,0.35861508442075885,-0.0068145682669528695,1.6128078617873276,-1.2610073456335216
phase7f_gb19_coh_g2_s1_mixedft,esprit,coherent,2,1,coherent_ood,coherent_ood|gap_shift_only,loaded,D:\workspace1\SubspaceNet\data\datasets\phase6_groupb_1p9_coherent_gap2_snr1_45k,1.3767883730184571,0.01631046597792172,0.01225328691131694,0.004043539588708275,146.79419380129548,9000,1.0175641871423422,esprit,4.587355164896731,-3.210566791878273,0.9976089311513912,0.379179441867066,1.9705031589299247,-0.5937147859114675
phase7f_gb19_coh_g2_s5_mixedft,esprit,coherent,2,5,coherent_ood,coherent_ood|joint_gap_snr_shift,loaded,D:\workspace1\SubspaceNet\data\datasets\phase6_groupb_1p9_coherent_gap2_snr5_45k,1.2617496466555664,0.016338577877859483,0.01225794297778177,0.004066912400135253,147.04720090073533,9000,0.9025254607794514,esprit,3.6867241570705422,-2.424974510414976,0.7717173848176546,0.4900322618379118,2.1838188727393733,-0.9220692260838068
phase7f_gb19_coh_g2_s10_mixedft,esprit,coherent,2,10,coherent_ood,coherent_ood|joint_gap_snr_shift,loaded,D:\workspace1\SubspaceNet\data\datasets\phase6_groupb_1p9_coherent_gap2_snr10_45k,1.2397483315705602,0.016256002578037117,0.012223326777780635,0.0040190327891808314,146.30402320233406,9000,0.8805241456944451,esprit,3.7124911044837967,-2.4727427729132367,0.6574691602402387,0.5822791713303215,2.590510999266853,-1.3507626676962927
phase7f_gb19_coh_g2_s15_mixedft,esprit,coherent,2,15,coherent_ood,coherent_ood|joint_gap_snr_shift,loaded,D:\workspace1\SubspaceNet\data\datasets\phase6_groupb_1p9_coherent_gap2_snr15_45k,1.20221287457213,0.01640428250013954,0.01212830024438962,0.004261025388919128,147.63854250125587,9000,0.8429886886960151,esprit,3.8602547586799982,-2.658041884107868,0.6687410599494205,0.5334718146227097,2.596568061615371,-1.394355187043241
phase7f_gb19_coh_g3_s1_mixedft,esprit,coherent,3,1,coherent_ood,coherent_ood|gap_shift_only,loaded,D:\workspace1\SubspaceNet\data\datasets\phase6_groupb_1p9_coherent_gap3_snr1_45k,0.5596196118952396,0.01624646295539181,0.01221337482221942,0.004019435866612993,146.2181665985263,9000,0.20039542601912452,esprit,1.4188364476350155,-0.8592168357397759,0.5362930518372808,0.023326560057958745,1.5994662165931077,-1.039846604697868
phase7f_gb19_coh_g3_s5_mixedft,esprit,coherent,3,5,coherent_ood,coherent_ood|joint_gap_snr_shift,loaded,D:\workspace1\SubspaceNet\data\datasets\phase6_groupb_1p9_coherent_gap3_snr5_45k,0.49191556419175253,0.01611879586647006,0.012075982799908767,0.004029098244597359,145.06916279823054,9000,0.1326913783156375,esprit,1.1841583399567575,-0.6922427757650049,0.33353098173973145,0.15838458245202108,1.8369019871278958,-1.3449864229361432
phase7f_gb19_coh_g3_s10_mixedft,esprit,coherent,3,10,coherent_ood,coherent_ood|joint_gap_snr_shift,loaded,D:\workspace1\SubspaceNet\data\datasets\phase6_groupb_1p9_coherent_gap3_snr10_45k,0.49865113714334247,0.016047799688531084,0.011980442610763324,0.004053613566521866,144.43019719677977,9000,0.13942695126722743,esprit,1.1451603176934058,-0.6465091805500633,0.28035873185671145,0.21829240528663102,2.127462125722408,-1.6288109885790656
phase7f_gb19_coh_g3_s15_mixedft,esprit,coherent,3,15,coherent_ood,coherent_ood|joint_gap_snr_shift,loaded,D:\workspace1\SubspaceNet\data\datasets\phase6_groupb_1p9_coherent_gap3_snr15_45k,0.49346774612858474,0.01603615482209716,0.01193869072193047,0.0040834499665717075,144.32539339887444,9000,0.1342435602524697,esprit,1.1094644965202403,-0.6159967503916555,0.2681363680118258,0.22533137811675896,2.1709381092287745,-1.6774703631001897
phase7f_gb19_coh_g4_s1_mixedft,esprit,coherent,4,1,coherent_ood,coherent_ood|gap_shift_only,loaded,D:\workspace1\SubspaceNet\data\datasets\phase6_groupb_1p9_coherent_gap4_snr1_45k,0.34808125879275265,0.016299609322560072,0.012211029211369654,0.004074587544924321,146.69648390304064,9000,-0.011142927083362397,root-music,0.1640090130921021,0.18407224570065053,0.24628822941979586,0.10179302937295678,1.984340546148953,-1.6362592873562003
phase7f_gb19_coh_g4_s5_mixedft,esprit,coherent,4,5,coherent_ood,coherent_ood|joint_gap_snr_shift,loaded,D:\workspace1\SubspaceNet\data\datasets\phase6_groupb_1p9_coherent_gap4_snr5_45k,0.23900648226612117,0.016231821077397197,0.012166828132933006,0.004051127899354065,146.08638969657477,9000,-0.12021770360999387,esprit,0.1050169081193852,0.13398957414673596,0.1477631788273063,0.09124330343881487,2.0962528861321075,-1.8572464038659864
phase7f_gb19_coh_g4_s10_mixedft,esprit,coherent,4,10,coherent_ood,coherent_ood|joint_gap_snr_shift,loaded,D:\workspace1\SubspaceNet\data\datasets\phase6_groupb_1p9_coherent_gap4_snr10_45k,0.24288975753134218,0.016354361555765435,0.012256737255381369,0.004082234399781252,147.1892540018889,9000,-0.11633442834477287,esprit,0.10004248598760732,0.14284727154373486,0.12242651183187934,0.12046324569946283,2.2375562902404926,-1.9946665327091504
phase7f_gb19_coh_g4_s15_mixedft,esprit,coherent,4,15,coherent_ood,coherent_ood|joint_gap_snr_shift,loaded,D:\workspace1\SubspaceNet\data\datasets\phase6_groupb_1p9_coherent_gap4_snr15_45k,0.24229917070670126,0.015717024033475253,0.011678909933569634,0.004024250233617042,141.45321630127728,9000,-0.11692501516941378,esprit,0.10013248646826864,0.14216668423843262,0.11856878731163657,0.12373038339506469,2.2503884668353944,-2.008089296128693
phase7f_gb19_coh_g5_s1_mixedft,esprit,coherent,5,1,coherent_ood,coherent_ood|gap_shift_only,loaded,D:\workspace1\SubspaceNet\data\datasets\phase6_groupb_1p9_coherent_gap5_snr1_45k,0.8887859953800971,0.016462782922032702,0.012385849333284163,0.004062980233361789,148.16504629829433,9000,0.529561809503982,dbf,1.1127682004196027,-0.2239822050395056,0.32978179224891707,0.5590042031311799,2.574817363919366,-1.6860313685392692
phase7f_gb19_coh_g5_s5_mixedft,esprit,coherent,5,5,coherent_ood,coherent_ood|joint_gap_snr_shift,loaded,D:\workspace1\SubspaceNet\data\datasets\phase6_groupb_1p9_coherent_gap5_snr5_45k,0.6073448884823192,0.01633247164462874,0.012214387955506228,0.004104157188933135,146.99224480165867,9000,0.2481207026062041,dbf,1.0663982618205565,-0.45905337333823737,0.24358995204821754,0.3637549364341016,2.6183280072739956,-2.0109831187916765
phase7f_gb19_coh_g5_s10_mixedft,esprit,coherent,5,10,coherent_ood,coherent_ood|joint_gap_snr_shift,loaded,D:\workspace1\SubspaceNet\data\datasets\phase6_groupb_1p9_coherent_gap5_snr10_45k,0.5320965422381106,0.016113736032973974,0.012007533333251356,0.004091034944402054,145.02362429676577,9000,0.1728723563619956,dbf,0.9189682133425613,-0.38687167110445064,0.21289680376324754,0.3191997384748631,2.7179036731785806,-2.18580713094047
phase7f_gb19_coh_g5_s15_mixedft,esprit,coherent,5,15,coherent_ood,coherent_ood|joint_gap_snr_shift,loaded,D:\workspace1\SubspaceNet\data\datasets\phase6_groupb_1p9_coherent_gap5_snr15_45k,0.4903506966069668,0.015745474199783834,0.0116786011777262,0.004052502655029659,141.7092677980545,9000,0.13112651073085174,dbf,0.7109649057200085,-0.2206142091130417,0.20271735610221525,0.28763334050475153,2.7244830892810086,-2.234132392674042
phase7f_gb19_noncoh_g1_s1_mixedft,esprit,non-coherent,1,1,noncoherent_transfer,noncoherent_transfer|snr_shift_only|gap_shift_only|full_noncoherent_transfer,loaded,D:\workspace1\SubspaceNet\data\datasets\phase6_groupb_1p9_noncoherent_gap1_snr1_45k,0.36932044892196053,0.016602156999921944,0.012478196944220043,0.0041099179996332775,149.4194129992975,9000,0.010096263045845488,esprit,5.0823079557802595,-4.712987506858299,0.4001531689954606,-0.030832720073500075,0.33370410773596804,0.035616341185992495
phase7f_gb19_noncoh_g1_s5_mixedft,esprit,non-coherent,1,5,noncoherent_transfer,noncoherent_transfer|snr_shift_only|full_noncoherent_transfer,loaded,D:\workspace1\SubspaceNet\data\datasets\phase6_groupb_1p9_noncoherent_gap1_snr5_45k,0.24475610318562707,0.01643112964421097,0.012326418122069704,0.004090788877704957,147.8801667978987,9000,-0.11446808269048797,esprit,0.9243079218827935,-0.6795518186971665,0.3786965637197805,-0.13394046053415343,0.8441885421048675,-0.5994324389192405
phase7f_gb19_noncoh_g1_s10_mixedft,esprit,non-coherent,1,10,noncoherent_transfer,noncoherent_transfer|snr_shift_only|full_noncoherent_transfer,loaded,D:\workspace1\SubspaceNet\data\datasets\phase6_groupb_1p9_noncoherent_gap1_snr10_45k,0.24400918570557498,0.016102078411462977,0.012026550033537205,0.004061783566669975,144.91870570316678,9000,-0.11521500017054007,esprit,0.41647171343802386,-0.17246252773244888,0.37439584573344664,-0.13038666002787166,1.520711857753838,-1.276702672048263
phase7f_gb19_noncoh_g1_s15_mixedft,esprit,non-coherent,1,15,noncoherent_transfer,noncoherent_transfer|snr_shift_only|full_noncoherent_transfer,loaded,D:\workspace1\SubspaceNet\data\datasets\phase6_groupb_1p9_noncoherent_gap1_snr15_45k,0.2528651056536054,0.016129186133556586,0.012041846388524088,0.004073713489284273,145.16267520200927,9000,-0.10635908022250962,esprit,0.42303101030845597,-0.17016590465485054,0.3793933533319524,-0.12652824767834697,1.6105116082807083,-1.357646502627103
phase7f_gb19_noncoh_g2_s1_mixedft,esprit,non-coherent,2,1,noncoherent_transfer,noncoherent_transfer|gap_shift_only|full_noncoherent_transfer,loaded,D:\workspace1\SubspaceNet\data\datasets\phase6_groupb_1p9_noncoherent_gap2_snr1_45k,0.2795027405814377,0.016632045977865346,0.01249354205531482,0.004124679766530689,149.6884138007881,9000,-0.07972144529467734,esprit,0.6209234505012935,-0.3414207099198558,0.5670833978743254,-0.2875806572928877,0.8267625084093049,-0.5472597678278672
phase7f_gb19_noncoh_g2_s5_mixedft,esprit,non-coherent,2,5,noncoherent_transfer,noncoherent_transfer|full_noncoherent_transfer|joint_gap_snr_shift,loaded,D:\workspace1\SubspaceNet\data\datasets\phase6_groupb_1p9_noncoherent_gap2_snr5_45k,0.2553635421697904,0.016363893544560092,0.012274626311205792,0.004074386133463122,147.27504190104082,9000,-0.10386064370632464,esprit,0.12969077033469564,0.12567277183509476,0.5451973350391756,-0.28983379286938515,0.8964828952705679,-0.6411193531007775
phase7f_gb19_noncoh_g2_s10_mixedft,esprit,non-coherent,2,10,noncoherent_transfer,noncoherent_transfer|full_noncoherent_transfer|joint_gap_snr_shift,loaded,D:\workspace1\SubspaceNet\data\datasets\phase6_groupb_1p9_noncoherent_gap2_snr10_45k,0.28533916650424407,0.01617484551110667,0.01206643499992141,0.004094141255359217,145.57360959996004,9000,-0.07388501937187097,esprit,0.11119520532242623,0.17414396118181785,0.5253905090693368,-0.24005134256509275,1.2921676310102181,-1.0068284645059742
phase7f_gb19_noncoh_g2_s15_mixedft,esprit,non-coherent,2,15,noncoherent_transfer,noncoherent_transfer|full_noncoherent_transfer|joint_gap_snr_shift,loaded,D:\workspace1\SubspaceNet\data\datasets\phase6_groupb_1p9_noncoherent_gap2_snr15_45k,0.28543103454481644,0.01629283128914863,0.012162172466885144,0.004116643833449214,146.63548160233768,9000,-0.0737931513312986,esprit,0.11042025021427106,0.1750107843305454,0.5105118578623244,-0.225080823317508,1.3417371985396325,-1.0563061639948161
phase7f_gb19_noncoh_g3_s1_mixedft,esprit,non-coherent,3,1,noncoherent_transfer,noncoherent_transfer|gap_shift_only|full_noncoherent_transfer,loaded,D:\workspace1\SubspaceNet\data\datasets\phase6_groupb_1p9_noncoherent_gap3_snr1_45k,0.3422171371844734,0.016398602089036204,0.0123111311780651,0.004073380244772933,147.58741880132584,9000,-0.017007048691641657,root-music,0.1627268777316611,0.17949025945281227,0.4776410689391819,-0.13542393175470852,1.4284002404098708,-1.0861831032253975
phase7f_gb19_noncoh_g3_s5_mixedft,esprit,non-coherent,3,5,noncoherent_transfer,noncoherent_transfer|full_noncoherent_transfer|joint_gap_snr_shift,loaded,D:\workspace1\SubspaceNet\data\datasets\phase6_groupb_1p9_noncoherent_gap3_snr5_45k,0.31399884766976,0.01624253081140341,0.012153263433351337,0.0040754634559464955,146.1827773026307,9000,-0.04522533820635505,esprit,0.10599528502164046,0.20800356264811953,0.26068924289905715,0.053309604770702845,1.3929698488800917,-1.0789710012103317
phase7f_gb19_noncoh_g3_s10_mixedft,esprit,non-coherent,3,10,noncoherent_transfer,noncoherent_transfer|full_noncoherent_transfer|joint_gap_snr_shift,loaded,D:\workspace1\SubspaceNet\data\datasets\phase6_groupb_1p9_noncoherent_gap3_snr10_45k,0.32565863015763497,0.01631924601082897,0.012223827200120366,0.004081512266491902,146.87321409746073,9000,-0.03356555571848008,esprit,0.09881844933963968,0.22684018081799528,0.21024764730944684,0.11541098284818813,1.5682003139695968,-1.2425416838119618
phase7f_gb19_noncoh_g3_s15_mixedft,esprit,non-coherent,3,15,noncoherent_transfer,noncoherent_transfer|full_noncoherent_transfer|joint_gap_snr_shift,loaded,D:\workspace1\SubspaceNet\data\datasets\phase6_groupb_1p9_noncoherent_gap3_snr15_45k,0.33019158096521595,0.01621635920035058,0.012159930700145196,0.00404241325538088,145.9472328031552,9000,-0.029032604910899096,esprit,0.09848959707296856,0.2317019838922474,0.20262000575614894,0.127571575209067,1.6008936569775143,-1.2707020760122982
phase7f_gb19_noncoh_g4_s1_mixedft,esprit,non-coherent,4,1,noncoherent_transfer,noncoherent_transfer|gap_shift_only|full_noncoherent_transfer,loaded,D:\workspace1\SubspaceNet\data\datasets\phase6_groupb_1p9_noncoherent_gap4_snr1_45k,0.46075884948463336,0.016482129855948085,0.012397350699951251,0.004070899622366091,148.33916870353278,9000,0.10153466360851832,root-music,0.13733610875910512,0.32342274072552823,0.3997259561021521,0.061032893382481246,2.039785362438004,-1.5790265129533705
phase7f_gb19_noncoh_g4_s5_mixedft,esprit,non-coherent,4,5,noncoherent_transfer,noncoherent_transfer|full_noncoherent_transfer|joint_gap_snr_shift,loaded,D:\workspace1\SubspaceNet\data\datasets\phase6_groupb_1p9_noncoherent_gap4_snr5_45k,0.35073703738282563,0.0164174705110749,0.012311711000123371,0.0040920307333775175,147.75723459967412,9000,-0.00848714849328941,esprit,0.09778264008132201,0.2529543973015036,0.1999880261197514,0.15074901126307425,2.0207444891182322,-1.6700074517354067
phase7f_gb19_noncoh_g4_s10_mixedft,esprit,non-coherent,4,10,noncoherent_transfer,noncoherent_transfer|full_noncoherent_transfer|joint_gap_snr_shift,loaded,D:\workspace1\SubspaceNet\data\datasets\phase6_groupb_1p9_noncoherent_gap4_snr10_45k,0.34338095869504065,0.01629748164410315,0.012187029144493863,0.004096495344025445,146.67733479692833,9000,-0.015843227181074393,esprit,0.09310747000114644,0.2502734886938942,0.15885593883205515,0.1845250198629855,2.151406558586578,-1.8080255998915373
phase7f_gb19_noncoh_g4_s15_mixedft,esprit,non-coherent,4,15,noncoherent_transfer,noncoherent_transfer|full_noncoherent_transfer|joint_gap_snr_shift,loaded,D:\workspace1\SubspaceNet\data\datasets\phase6_groupb_1p9_noncoherent_gap4_snr15_45k,0.34019644975927504,0.01627944154459207,0.01222769455582602,0.004037915944568037,146.51497390132863,9000,-0.01902773611684,esprit,0.09247889324214649,0.24771755651712857,0.15299926362661095,0.1871971861326641,2.171274971717214,-1.831078521957939
phase7f_gb19_noncoh_g5_s1_mixedft,esprit,non-coherent,5,1,noncoherent_transfer,noncoherent_transfer|gap_shift_only|full_noncoherent_transfer,loaded,D:\workspace1\SubspaceNet\data\datasets\phase6_groupb_1p9_noncoherent_gap5_snr1_45k,0.8444972709344187,0.016449758377695817,0.012349521177788524,0.004086071077766569,148.04782539926236,9000,0.4852730850583037,root-music,0.14560294050526146,0.6988943304291573,0.3057513879840056,0.5387458829504131,2.5370714576136733,-1.6925741866792545
phase7f_gb19_noncoh_g5_s5_mixedft,esprit,non-coherent,5,5,noncoherent_transfer,noncoherent_transfer|full_noncoherent_transfer|joint_gap_snr_shift,loaded,D:\workspace1\SubspaceNet\data\datasets\phase6_groupb_1p9_noncoherent_gap5_snr5_45k,0.5788662992740992,0.016349690400316225,0.012280839611582148,0.00405483817768335,147.14721360284602,9000,0.21964211339798412,dbf,0.10601008478778969,0.4728562144863095,0.20471388541903726,0.3741524138550619,2.610276319589527,-2.0314100203154277
phase7f_gb19_noncoh_g5_s10_mixedft,esprit,non-coherent,5,10,noncoherent_transfer,noncoherent_transfer|full_noncoherent_transfer|joint_gap_snr_shift,loaded,D:\workspace1\SubspaceNet\data\datasets\phase6_groupb_1p9_noncoherent_gap5_snr10_45k,0.5025312780775688,0.01612891900008415,0.012091394955602785,0.00402360352201827,145.16027100075735,9000,0.14330709220145377,dbf,0.10326457832015717,0.39926669975741164,0.14948280233074496,0.35304847574682385,2.7037103252222403,-2.2011790471446715
phase7f_gb19_noncoh_g5_s15_mixedft,esprit,non-coherent,5,15,noncoherent_transfer,noncoherent_transfer|full_noncoherent_transfer|joint_gap_snr_shift,loaded,D:\workspace1\SubspaceNet\data\datasets\phase6_groupb_1p9_noncoherent_gap5_snr15_45k,0.5037313073350261,0.016346451866647436,0.012242547022327521,0.004089806666778814,147.11806679982692,9000,0.1445071214589111,dbf,0.10285154736058458,0.4008797599744416,0.1449265343166689,0.3588047730183572,2.7277782100406207,-2.2240469027055947
